comment_id,title,author,created_at,text,comment_url,source_page
2,Огромное спасибо за дельную,rectioprisal,2012-02-24T16:33:46Z,"Огромное спасибо за дельную информацию, много интересного узнал для себя. Кое-где можно было бы поконкретнее, а в вообщем подана информация очень доступно.",https://munchkindb.ru/comment/2#comment-2,https://munchkindb.ru/card/guy-wire
3,Снять курицу можно:1.,mrmerak,2012-04-19T12:16:56Z,"Снять курицу можно:
1. хотельным кольцом
2. умереть с говняком. Если без - курица остается
3 если выпадает проклятие потеря головняка, то курица снимается в любом случае вместе с головняком(неважно есть или нету головняка)
4 если выпадает непотребство потеря головняка. Правила те же, что и в случае 3",https://munchkindb.ru/comment/3#comment-3,https://munchkindb.ru/card/chicken-on-your-head
4,Все верно. Акцентированы,eltacimi,2012-06-04T18:26:42Z,"Все верно. Акцентированы интересные тонкости, здорово!",https://munchkindb.ru/comment/4#comment-4,https://munchkindb.ru/card/boomdagger
5,"Тема нешуточная, и требует",tiabracmocons,2012-06-08T21:10:52Z,"Тема нешуточная, и требует более серьезного рассмотрения. Надеюсь увидим в дальнейших статьях.",https://munchkindb.ru/comment/5#comment-5,https://munchkindb.ru/card/high
6,Очень четко и реалистично,appalukbarb,2012-06-14T21:54:33Z,Очень четко и реалистично изложен материал. Обзоры свежие и увлекательные.,https://munchkindb.ru/comment/6#comment-6,https://munchkindb.ru/card/hidden-dragon
7,Не понятно почему называется,Kostan_Kettch,2012-09-16T20:59:01Z,"Не понятно почему называется ""Зелье.."", если это ""Scroll..."" т.е. ""Свиток...""",https://munchkindb.ru/comment/7#comment-7,https://munchkindb.ru/card/scroll-of-debuffination
11,"Можно удалить, поскольку об",kotya,2012-11-23T23:54:43Z,"Можно удалить, поскольку об этом написано в рулинге ""FAQ Класс, Раса, Подданство, Акцент"" (но тогда нужно добавить в тэги того рулинга ещё и Стиль, Развитие Стиля, Моджо, Сила, Навык).",https://munchkindb.ru/comment/11#comment-11,https://munchkindb.ru/ruling/%D1%80%D0%B0%D0%B1%D0%BE%D1%82%D0%B0-%D1%81%D0%BF%D0%BE%D1%81%D0%BE%D0%B1%D0%BD%D0%BE%D1%81%D1%82%D0%B5%D0%B9-%D1%80%D0%B0%D1%81%D0%BA%D0%BB%D0%B0%D1%81%D1%81%D0%BE%D0%B2%D1%81%D1%82%D0%B8%D0%BB%D0%B5%D0%B9-%D0%B8-%D1%82%D0%BF
12,система рулингов вооще,Moldon,2012-11-24T10:58:00Z,"система рулингов вооще требует переработки. некоторые рулинги надо переделать, примерно так как сейчас переделали рулинг ""FAQ монстры"". Чтобы очень общие рулинги не торчали целиков на каждой странице каждой карты, а была только ссылка.",https://munchkindb.ru/comment/12#comment-12,https://munchkindb.ru/ruling/%D1%80%D0%B0%D0%B1%D0%BE%D1%82%D0%B0-%D1%81%D0%BF%D0%BE%D1%81%D0%BE%D0%B1%D0%BD%D0%BE%D1%81%D1%82%D0%B5%D0%B9-%D1%80%D0%B0%D1%81%D0%BA%D0%BB%D0%B0%D1%81%D1%81%D0%BE%D0%B2%D1%81%D1%82%D0%B8%D0%BB%D0%B5%D0%B9-%D0%B8-%D1%82%D0%BF
13,А вот у меня этой карт нет,Esmodar,2012-12-17T20:42:58Z,А вот у меня этой карт нет почему-то,https://munchkindb.ru/comment/13#comment-13,https://munchkindb.ru/card/zombie-santa
14,возврат предыдущей редакции,Moldon,2012-12-17T21:33:23Z,возврат предыдущей редакции,https://munchkindb.ru/comment/14#comment-14,https://munchkindb.ru/card/decaying-flab
16,"Совсем не жалею, что убил 10",contiamani,2013-01-18T10:41:50Z,"Совсем не жалею, что убил 10 минут на чтение. Очень полезно для общего развития.",https://munchkindb.ru/comment/16#comment-16,https://munchkindb.ru/card/limburger-and-anchovy-sandwich
22,Козел отпущения - это кто-то,olga,2013-05-14T00:21:11Z,Козел отпущения - это кто-то кто расхлебывает все последствия от чего-либо. Интересует как действует - эта карта в отношении катастроф? Переводит ли она действие катастрофы на другого манчкина (козла отпущения)?,https://munchkindb.ru/comment/22#comment-22,https://munchkindb.ru/card/scapegoat
23,"Нет, не переводит. На карте",kotya,2013-05-14T18:53:53Z,"Нет, не переводит. На карте написано, какой эффект получает ""козёл отпущения"", ничего другого с ним не происходит.",https://munchkindb.ru/comment/23#comment-23,https://munchkindb.ru/card/scapegoat
24,Пост был 24 февраля 2011 года,kotya,2013-06-24T23:32:23Z,"Пост был 24 февраля 2011 года. А в FAQ от 15 ноября 2012 года сказано:
В: А если мне нужно выбирать между несколькими картами и одна из них - ""Ура, Клад!""?
О: Если нужно вытянуть карты и выбрать одну их них и одной из этих карт будет ""Ура, Клад!"", то ""Ура, Клад!"" не играется до тех пор, пока ты не выбрешь именно его. Выбрал – немедленно сыграй.",https://munchkindb.ru/comment/24#comment-24,https://munchkindb.ru/ruling/%D0%B4%D0%B5%D0%BB%D1%91%D0%B6-%D1%81%D0%BE%D0%BA%D1%80%D0%BE%D0%B2%D0%B8%D1%89-%D1%81%D1%80%D0%B0%D0%B1%D0%B0%D1%82%D1%8B%D0%B2%D0%B0%D1%8E%D1%89%D0%B8%D1%85-%D0%BD%D0%B5%D0%BC%D0%B5%D0%B4%D0%BB%D0%B5%D0%BD%D0%BD%D0%BE
25,"Ответили официально, что этот",kotya,2013-06-25T16:33:45Z,"Ответили официально, что этот пункт относится лишь к свойству Барда: http://forums.sjgames.com/showpost.php?p=1602658",https://munchkindb.ru/comment/25#comment-25,https://munchkindb.ru/ruling/%D0%B4%D0%B5%D0%BB%D1%91%D0%B6-%D1%81%D0%BE%D0%BA%D1%80%D0%BE%D0%B2%D0%B8%D1%89-%D1%81%D1%80%D0%B0%D0%B1%D0%B0%D1%82%D1%8B%D0%B2%D0%B0%D1%8E%D1%89%D0%B8%D1%85-%D0%BD%D0%B5%D0%BC%D0%B5%D0%B4%D0%BB%D0%B5%D0%BD%D0%BD%D0%BE
26,"ребята, я нифига не понял как",Moldon,2013-06-26T20:48:47Z,"ребята, я нифига не понял как и в какой ситуации в итоге правильно.",https://munchkindb.ru/comment/26#comment-26,https://munchkindb.ru/ruling/%D0%B4%D0%B5%D0%BB%D1%91%D0%B6-%D1%81%D0%BE%D0%BA%D1%80%D0%BE%D0%B2%D0%B8%D1%89-%D1%81%D1%80%D0%B0%D0%B1%D0%B0%D1%82%D1%8B%D0%B2%D0%B0%D1%8E%D1%89%D0%B8%D1%85-%D0%BD%D0%B5%D0%BC%D0%B5%D0%B4%D0%BB%D0%B5%D0%BD%D0%BD%D0%BE
27,Я понял так:,kotya,2013-06-29T01:23:31Z,"Я понял так:
Если ты бился с помощником, тянешь сокровища за победу, и одно из них - карта типа ""Ура, клад!"", ты должен немедленно разыграть её, взяв нужное количество сокровищ и сбросив. а уже после этого перейти к делёжке. то есть если помощник присоединился в бою за одно сокровище, которое он будет брать первым, он не сможет взять ""Ура, клад!"" (и выгодно получить три сокровища вместо обещанного одного).
Если же используешь Бардову удачу, когда берёшь сокровища за победу, и одно из вытянутых сокровищ - карта типа ""Ура, клад!"", ты её не разыгрываешь, пока не определишься, какое сокровище ты сбрасываешь в силу работы свойства. Когда определился и сбросил - тут же разыграй ""Ура, клад!"" (если, конечно, ты не сбросил именно её).",https://munchkindb.ru/comment/27#comment-27,https://munchkindb.ru/ruling/%D0%B4%D0%B5%D0%BB%D1%91%D0%B6-%D1%81%D0%BE%D0%BA%D1%80%D0%BE%D0%B2%D0%B8%D1%89-%D1%81%D1%80%D0%B0%D0%B1%D0%B0%D1%82%D1%8B%D0%B2%D0%B0%D1%8E%D1%89%D0%B8%D1%85-%D0%BD%D0%B5%D0%BC%D0%B5%D0%B4%D0%BB%D0%B5%D0%BD%D0%BD%D0%BE
30,Что означет огненный урон?,user@loginza,2013-07-05T16:42:51Z,Что означет огненный урон?,https://munchkindb.ru/comment/30#comment-30,https://munchkindb.ru/card/on-fire
31,Огненную атаку (огненный урон,kotya,2013-07-05T19:56:58Z,"Огненную атаку (огненный урон) даёт любая используемая шмотка, у которой в тексте явно сказано, что она наносит огненный урон, либо на карте явно изображен огонь, либо в названии есть слова ""огонь"", ""пламя"", ""пламенный"" и т.п. Есть карты, которые дают тебе огненный урон, и есть монстры, которые чувствительны к огненной атаке или наоборот, хорошо ей сопротивляются (это написано на картах таких монстров), соответственно, если твоя атака огненная, ты либо получаешь бонус, либо штраф против них.",https://munchkindb.ru/comment/31#comment-31,https://munchkindb.ru/card/on-fire
32,небольшое пояснение: если,mawile,2013-07-28T12:28:34Z,"небольшое пояснение: если игроку предлагают взять N карт и выбрать часть для себя, а часть сбросить, Ура клад! игрок не получит, пока его не выберет. В случае дележа сокровищ при победе над монстром, все сокровища изначально получает хозяин боя, после чего должен показать их всем и поделиться с помощником. В этм случае он уже получил Ура клад! и карту необходимо сыграть до того, как напчнётся делёж.",https://munchkindb.ru/comment/32#comment-32,https://munchkindb.ru/ruling/%D0%B4%D0%B5%D0%BB%D1%91%D0%B6-%D1%81%D0%BE%D0%BA%D1%80%D0%BE%D0%B2%D0%B8%D1%89-%D1%81%D1%80%D0%B0%D0%B1%D0%B0%D1%82%D1%8B%D0%B2%D0%B0%D1%8E%D1%89%D0%B8%D1%85-%D0%BD%D0%B5%D0%BC%D0%B5%D0%B4%D0%BB%D0%B5%D0%BD%D0%BD%D0%BE
33,"а разве есть не-шмотки,",Moldon,2013-08-02T08:02:17Z,"а разве есть не-шмотки, используемые совместно?",https://munchkindb.ru/comment/33#comment-33,https://munchkindb.ru/ruling/%D0%BA%D0%B0%D1%80%D1%82%D1%8B-%D1%88%D0%BC%D0%BE%D1%82%D0%BA%D0%B8-%D0%B8%D1%81%D0%BF%D0%BE%D0%BB%D1%8C%D0%B7%D1%83%D0%B5%D0%BC%D1%8B%D0%B5-%D1%81%D0%BE%D0%B2%D0%BC%D0%B5%D1%81%D1%82%D0%BD%D0%BE
34,Я имел в виду Модификаторы,kotya,2013-08-02T13:00:28Z,Я имел в виду Модификаторы Шмоток. По второй ссылке про них говорится.,https://munchkindb.ru/comment/34#comment-34,https://munchkindb.ru/ruling/%D0%BA%D0%B0%D1%80%D1%82%D1%8B-%D1%88%D0%BC%D0%BE%D1%82%D0%BA%D0%B8-%D0%B8%D1%81%D0%BF%D0%BE%D0%BB%D1%8C%D0%B7%D1%83%D0%B5%D0%BC%D1%8B%D0%B5-%D1%81%D0%BE%D0%B2%D0%BC%D0%B5%D1%81%D1%82%D0%BD%D0%BE
35,"интересно, на каком таком",Moldon,2013-08-06T07:53:58Z,"интересно, на каком таком модификаторе сказано, что он уходит ТОЛЬКО при потере того к чему приложен?",https://munchkindb.ru/comment/35#comment-35,https://munchkindb.ru/card/hippogriff
37,есть только слова Clipper-a,Moldon,2014-03-19T09:34:14Z,есть только слова Clipper-a http://forums.sjgames.com/showthread.php?p=1569052#post1569052 да и то не совсем точно по ситуации,https://munchkindb.ru/comment/37#comment-37,https://munchkindb.ru/card/dungeon-of-lavish-loot
39,"""теперь можно играть Зелье",kotya,2014-05-26T23:28:42Z,"""теперь можно играть Зелье Дружбы в бой, где не осталось монстров."" - кажется, об этом нигде явно не говорится. В треде, из которого взят пруф, описана ситуация, в которой манчкин усмирил одного монстра из двух, а потом в бой кинули Зелье Дружбы, т.е. монстр в бою был.",https://munchkindb.ru/comment/39#comment-39,https://munchkindb.ru/card/friendship-potion
40,"Все шмотки, на которых",Lexx,2014-07-31T20:32:20Z,"Все шмотки, на которых написано «одноразовая», работают как Зелья?

Мне кажется автор вопроса имел ввиду кое-что другое. И ответ на это: зельями считаются одноразовые шмотки, на которых так и написано - ""зелье"".
и учитывая,  что это шаблонный FAQ ко всем одноразовым шмоткам, то думаю введет многих в заблуждение...
Конкретно к этой карте:
В: Есть карты, к примеру, ""Yuppie Water"", на которых не сказано, что они зелья (""Potion""), но они выглядят, как зелья. Как к ним относиться, всё же, как к зельям?
О: Да. Если это жидкость в какой-либо ёмкости, считайте, что это зелье.
Найти бы еще к этому пруф! а то все это как-то попахивает.",https://munchkindb.ru/comment/40#comment-40,https://munchkindb.ru/card/yuppie-water
41,"Структуры типа ""В:..... О:...",Bellum,2014-07-31T22:51:23Z,"Структуры типа ""В:..... О:....."" взяты как раз из официального FAQ и сами по себе являются ""пруфами""; если моих слов недостаточно, обратитесь к http://munchkinizm.narod.ru/FAQ/index.htm#q0190 или http://www.worldofmunchkin.com/faq/",https://munchkindb.ru/comment/41#comment-41,https://munchkindb.ru/card/yuppie-water
42,"Lexx, то, что написано в",Moldon,2014-07-31T23:24:13Z,"Lexx, то, что написано в разделе FAQ не требует пруфов, потому что это цитаты из официального FAQ. Можно, конечно, заморочится и сделать еще и подтверждающую ссылку на ФАК, но в официальном ФАКе я не обнаружил якорей, позволяющих делать точные ссылки, поэтому это и не реализовано никак.",https://munchkindb.ru/comment/42#comment-42,https://munchkindb.ru/card/yuppie-water
45,"Якоря у них есть, но только",Bellum,2015-01-31T13:39:00Z,"Якоря у них есть, но только на заголовки разделов ( h1-h3-теги) :(
Например: http://www.worldofmunchkin.com/faq/#combat",https://munchkindb.ru/comment/45#comment-45,https://munchkindb.ru/card/yuppie-water
46,forums.sjgames.com/showthread,Moldon,2015-02-12T21:48:20Z,"forums.sjgames.com/showthread.php?t=66599

чтобы не потерять пруф",https://munchkindb.ru/comment/46#comment-46,https://munchkindb.ru/card/tongue-demon
47,forums.sjgames.com/showthread,Moldon,2015-02-12T21:49:49Z,"forums.sjgames.com/showthread.php?t=66599

чтобы не потерять пруф",https://munchkindb.ru/comment/47#comment-47,https://munchkindb.ru/card/tongue-demon
48,"Эрик писал, что помощник не",kotya,2015-02-17T10:54:51Z,"Эрик писал, что помощник не может подкупить Блуждающий нос, ещё в 2011 году . А в 2014 году написал общее правило: если в бою с помощником встретился монстр с особым эффектом, то его может использовать как хозяин боя, так и помощник (http://forums.sjgames.com/showpost.php?p=1842704).",https://munchkindb.ru/comment/48#comment-48,https://munchkindb.ru/card/floating-nose
49,"Из пруфа я понял, что как раз",kotya,2015-03-24T01:19:06Z,"Из пруфа я понял, что как раз наоборот, модификаторы меняют название монстра. Про это также говорится вот тут: http://forums.sjgames.com/showpost.php?p=1883318 (а ещё тут говорится, что даже артикль считается словом, с которого может начинаться название).",https://munchkindb.ru/comment/49#comment-49,https://munchkindb.ru/card/vorpal-blade
50,Авторезарь может подрезать,Grej,2016-01-06T17:04:53Z,"Авторезарь может подрезать игрока только один раз за бой, независимо от того, менял ли он хозяев в этом бою. Помощник также может быть однократно подрезан Авторезарем.
http://forums.sjgames.com/showpost.php?p=1262055&postcount=14
http://forums.sjgames.com/showpost.php?p=1262449&postcount=16",https://munchkindb.ru/comment/50#comment-50,https://munchkindb.ru/card/stab-a-matic
53,"Не знаю, могу ли тут задавать",zimicier,2017-01-17T05:34:47Z,"Не знаю, могу ли тут задавать вопросы...

Мне хотелось бы узнать, как правильно поступать в такой ситуации: у меня сыгран один класс (Воин) и с ним карта Суперманчкин. В руке ещё есть другой класс (Волшебник), который я не сыграл. На меня играют проклятие Смена Класса. Могу ли я в этот момент сыграть класс Волшебника и сбросить его из-за проклятия, или же я уже не могу сыграть его с руки и обязан сбросить карту Воина со стола? И что происходит в такой момент с картой Суперманчкина - я должен его сбросить вместе с картой Воина, или же я могу оставить Суперманчника и сыграть на него класс Волшебника с руки?",https://munchkindb.ru/comment/53#comment-53,https://munchkindb.ru/card/change-class
54,Я правильно понял - если на,zimicier,2017-01-17T05:47:02Z,"Я правильно понял - если на игрока был одет головняк, то курица на башне НЕ снимает этот головняк, а как бы садится на него?? Вопрос - можно ли после применения этого проклятия (когда курица уже сидит на голове) менять головняк на другой? И вообще можно ли одеть головняк, если во время применения проклятия не было никакого головняка?",https://munchkindb.ru/comment/54#comment-54,https://munchkindb.ru/card/chicken-on-your-head
55,неправильно ты понимаешь.,Moldon,2017-02-24T02:15:44Z,"неправильно ты понимаешь. Курица никак не взаимодейтсвует с головняком, она не занимает его место и не мешает снимать и надевать головняки.",https://munchkindb.ru/comment/55#comment-55,https://munchkindb.ru/card/chicken-on-your-head
56,"Ничего играть нельзя, пока не",Moldon,2017-02-24T02:18:42Z,"Ничего играть нельзя, пока не выполнишь требование проклятия (или не отменишь его). Так что ты обязан потерять Воина со сттола.
Суперманчкин теряется сразу же, как только ты остался без классов. Так что его ты потеряешь прежде, чем успеешь сыграть новый Класс.",https://munchkindb.ru/comment/56#comment-56,https://munchkindb.ru/card/change-class
57,"Кубик на смывку не кидается,",Maris Kori,2017-10-07T22:57:11Z,"Кубик на смывку не кидается, так что Читерный Кубик нельзя применять.",https://munchkindb.ru/comment/57#comment-57,https://munchkindb.ru/card/crabs
58,Наколенники Развода считаются,Maris Kori,2017-10-07T22:57:49Z,"Наколенники Развода считаются ""ниже пояса"".",https://munchkindb.ru/comment/58#comment-58,https://munchkindb.ru/card/crabs
59,Большая подстава в начале,Maris Kori,2017-10-08T18:09:53Z,Большая подстава в начале игры. Дисбаланс.,https://munchkindb.ru/comment/59#comment-59,https://munchkindb.ru/card/santa
